Identifier,finalname,lib_section,specific_primerpart,barcode,spacer,oligofinal,length
1,ISAam1-TnpB_TTTAA_CGCCCCTCAATATTGACGCT,ISAam1-TnpB_TTTAA_,AGAGCCATTTGTCTCGCTGA,TTGTTCA,CGCCCCTCAATATTGACGCT,CGTAGGTGGTGGGAGCATGTCACCGCCCCTCAATATTGACGCTTTTTTTCTTCCTTATCGGCCGGCATGGTCCCAGCCTCCTCGCTGGCGCCGGCTGGGCAACATGCTTCGGCATGGCGAATGGGACAGCGTCAATATTGAGGGGCGTTAAATCGGTGGCGCATTGCCTTGTTCATCTACCACTTGTACTTCAGCGAGAC,200
2,ISAam1-TnpB_TTTAA_ATAAATATACTCTTAGAGAG,ISAam1-TnpB_TTTAA_,AGAGCCATTTGTCTCGCTGA,TAACTTG,ATAAATATACTCTTAGAGAG,CGTAGGTGGTGGGAGCATGTCACATAAATATACTCTTAGAGAGTTTTTTCTTCCTTATCGGCCGGCATGGTCCCAGCCTCCTCGCTGGCGCCGGCTGGGCAACATGCTTCGGCATGGCGAATGGGACCTCTCTAAGAGTATATTTATTTAAATCGGTGGCGCATTGCCTAACTTGTCTACCACTTGTACTTCAGCGAGAC,200
3,ISAam1-TnpB_TTTAA_ACATACGTCTCTTACAGACT,ISAam1-TnpB_TTTAA_,AGAGCCATTTGTCTCGCTGA,TAGAGTA,ACATACGTCTCTTACAGACT,CGTAGGTGGTGGGAGCATGTCACACATACGTCTCTTACAGACTTTTTTTCTTCCTTATCGGCCGGCATGGTCCCAGCCTCCTCGCTGGCGCCGGCTGGGCAACATGCTTCGGCATGGCGAATGGGACAGTCTGTAAGAGACGTATGTTTAAATCGGTGGCGCATTGCCTAGAGTATCTACCACTTGTACTTCAGCGAGAC,200
4,ISAam1-TnpB_TTTAA_AACTCTGTTCCCACGTCTAA,ISAam1-TnpB_TTTAA_,AGAGCCATTTGTCTCGCTGA,ATCCATT,AACTCTGTTCCCACGTCTAA,CGTAGGTGGTGGGAGCATGTCACAACTCTGTTCCCACGTCTAATTTTTTCTTCCTTATCGGCCGGCATGGTCCCAGCCTCCTCGCTGGCGCCGGCTGGGCAACATGCTTCGGCATGGCGAATGGGACTTAGACGTGGGAACAGAGTTTTAAATCGGTGGCGCATTGCCATCCATTTCTACCACTTGTACTTCAGCGAGAC,200
5,ISAam1-TnpB_TTTAA_AAAGTTCGCCCGAACCAGGG,ISAam1-TnpB_TTTAA_,AGAGCCATTTGTCTCGCTGA,GAATGGA,AAAGTTCGCCCGAACCAGGG,CGTAGGTGGTGGGAGCATGTCACAAAGTTCGCCCGAACCAGGGTTTTTTCTTCCTTATCGGCCGGCATGGTCCCAGCCTCCTCGCTGGCGCCGGCTGGGCAACATGCTTCGGCATGGCGAATGGGACCCCTGGTTCGGGCGAACTTTTTAAATCGGTGGCGCATTGCCGAATGGATCTACCACTTGTACTTCAGCGAGAC,200
6,ISAam1-TnpB_TTTAA_CGTCGGAAGCCCATGGTTGC,ISAam1-TnpB_TTTAA_,AGAGCCATTTGTCTCGCTGA,CCAATGG,CGTCGGAAGCCCATGGTTGC,CGTAGGTGGTGGGAGCATGTCACCGTCGGAAGCCCATGGTTGCTTTTTTCTTCCTTATCGGCCGGCATGGTCCCAGCCTCCTCGCTGGCGCCGGCTGGGCAACATGCTTCGGCATGGCGAATGGGACGCAACCATGGGCTTCCGACGTTAAATCGGTGGCGCATTGCCCCAATGGTCTACCACTTGTACTTCAGCGAGAC,200
7,ISAam1-TnpB_TTTAA_ACTGGACTAGCCATATGGGC,ISAam1-TnpB_TTTAA_,AGAGCCATTTGTCTCGCTGA,ACAGGCC,ACTGGACTAGCCATATGGGC,CGTAGGTGGTGGGAGCATGTCACACTGGACTAGCCATATGGGCTTTTTTCTTCCTTATCGGCCGGCATGGTCCCAGCCTCCTCGCTGGCGCCGGCTGGGCAACATGCTTCGGCATGGCGAATGGGACGCCCATATGGCTAGTCCAGTTTAAATCGGTGGCGCATTGCCACAGGCCTCTACCACTTGTACTTCAGCGAGAC,200
8,ISAam1-TnpB_TTTAA_TCAACCGCTATGCGCACGCC,ISAam1-TnpB_TTTAA_,AGAGCCATTTGTCTCGCTGA,CGGTTGC,TCAACCGCTATGCGCACGCC,CGTAGGTGGTGGGAGCATGTCACTCAACCGCTATGCGCACGCCTTTTTTCTTCCTTATCGGCCGGCATGGTCCCAGCCTCCTCGCTGGCGCCGGCTGGGCAACATGCTTCGGCATGGCGAATGGGACGGCGTGCGCATAGCGGTTGATTAAATCGGTGGCGCATTGCCCGGTTGCTCTACCACTTGTACTTCAGCGAGAC,200
9,ISAam1-TnpB_TTTAA_GCTGTTGGAGGGCTACATTG,ISAam1-TnpB_TTTAA_,AGAGCCATTTGTCTCGCTGA,GCAAAGG,GCTGTTGGAGGGCTACATTG,CGTAGGTGGTGGGAGCATGTCACGCTGTTGGAGGGCTACATTGTTTTTTCTTCCTTATCGGCCGGCATGGTCCCAGCCTCCTCGCTGGCGCCGGCTGGGCAACATGCTTCGGCATGGCGAATGGGACCAATGTAGCCCTCCAACAGCTTAAATCGGTGGCGCATTGCCGCAAAGGTCTACCACTTGTACTTCAGCGAGAC,200
10,ISAam1-TnpB_TTTAA_TGTATCGCACTACTTCCGAG,ISAam1-TnpB_TTTAA_,AGAGCCATTTGTCTCGCTGA,ACGCAAA,TGTATCGCACTACTTCCGAG,CGTAGGTGGTGGGAGCATGTCACTGTATCGCACTACTTCCGAGTTTTTTCTTCCTTATCGGCCGGCATGGTCCCAGCCTCCTCGCTGGCGCCGGCTGGGCAACATGCTTCGGCATGGCGAATGGGACCTCGGAAGTAGTGCGATACATTAAATCGGTGGCGCATTGCCACGCAAATCTACCACTTGTACTTCAGCGAGAC,200
11,ISAam1-TnpB_TTTAA_TGTGTTGATGATCCGGAGGA,ISAam1-TnpB_TTTAA_,AGAGCCATTTGTCTCGCTGA,AGATGTG,TGTGTTGATGATCCGGAGGA,CGTAGGTGGTGGGAGCATGTCACTGTGTTGATGATCCGGAGGATTTTTTCTTCCTTATCGGCCGGCATGGTCCCAGCCTCCTCGCTGGCGCCGGCTGGGCAACATGCTTCGGCATGGCGAATGGGACTCCTCCGGATCATCAACACATTAAATCGGTGGCGCATTGCCAGATGTGTCTACCACTTGTACTTCAGCGAGAC,200
12,ISAam1-TnpB_TTTAA_CCAAAATACATCTTTCTAAT,ISAam1-TnpB_TTTAA_,AGAGCCATTTGTCTCGCTGA,TCGCATG,CCAAAATACATCTTTCTAAT,CGTAGGTGGTGGGAGCATGTCACCCAAAATACATCTTTCTAATTTTTTTCTTCCTTATCGGCCGGCATGGTCCCAGCCTCCTCGCTGGCGCCGGCTGGGCAACATGCTTCGGCATGGCGAATGGGACATTAGAAAGATGTATTTTGGTTAAATCGGTGGCGCATTGCCTCGCATGTCTACCACTTGTACTTCAGCGAGAC,200
13,ISAam1-TnpB_TTTAA_AAGGAATAATAGTGTTCTGC,ISAam1-TnpB_TTTAA_,AGAGCCATTTGTCTCGCTGA,TTGGTGT,AAGGAATAATAGTGTTCTGC,CGTAGGTGGTGGGAGCATGTCACAAGGAATAATAGTGTTCTGCTTTTTTCTTCCTTATCGGCCGGCATGGTCCCAGCCTCCTCGCTGGCGCCGGCTGGGCAACATGCTTCGGCATGGCGAATGGGACGCAGAACACTATTATTCCTTTTAAATCGGTGGCGCATTGCCTTGGTGTTCTACCACTTGTACTTCAGCGAGAC,200
14,ISAam1-TnpB_TTTAA_TTACTCCTATGAGGGGTGGA,ISAam1-TnpB_TTTAA_,AGAGCCATTTGTCTCGCTGA,CTCATCT,TTACTCCTATGAGGGGTGGA,CGTAGGTGGTGGGAGCATGTCACTTACTCCTATGAGGGGTGGATTTTTTCTTCCTTATCGGCCGGCATGGTCCCAGCCTCCTCGCTGGCGCCGGCTGGGCAACATGCTTCGGCATGGCGAATGGGACTCCACCCCTCATAGGAGTAATTAAATCGGTGGCGCATTGCCCTCATCTTCTACCACTTGTACTTCAGCGAGAC,200
15,ISAam1-TnpB_TTTAA_TGCAAATGCCCGACAAACCA,ISAam1-TnpB_TTTAA_,AGAGCCATTTGTCTCGCTGA,CTTATTG,TGCAAATGCCCGACAAACCA,CGTAGGTGGTGGGAGCATGTCACTGCAAATGCCCGACAAACCATTTTTTCTTCCTTATCGGCCGGCATGGTCCCAGCCTCCTCGCTGGCGCCGGCTGGGCAACATGCTTCGGCATGGCGAATGGGACTGGTTTGTCGGGCATTTGCATTAAATCGGTGGCGCATTGCCCTTATTGTCTACCACTTGTACTTCAGCGAGAC,200
16,ISAam1-TnpB_TTTAA_TGAAGATCATTAGTGAGCGA,ISAam1-TnpB_TTTAA_,AGAGCCATTTGTCTCGCTGA,TCAATCA,TGAAGATCATTAGTGAGCGA,CGTAGGTGGTGGGAGCATGTCACTGAAGATCATTAGTGAGCGATTTTTTCTTCCTTATCGGCCGGCATGGTCCCAGCCTCCTCGCTGGCGCCGGCTGGGCAACATGCTTCGGCATGGCGAATGGGACTCGCTCACTAATGATCTTCATTAAATCGGTGGCGCATTGCCTCAATCATCTACCACTTGTACTTCAGCGAGAC,200
17,ISAam1-TnpB_TTTAA_ATTCGTACCCTCATGGCTTA,ISAam1-TnpB_TTTAA_,AGAGCCATTTGTCTCGCTGA,TCCTCTT,ATTCGTACCCTCATGGCTTA,CGTAGGTGGTGGGAGCATGTCACATTCGTACCCTCATGGCTTATTTTTTCTTCCTTATCGGCCGGCATGGTCCCAGCCTCCTCGCTGGCGCCGGCTGGGCAACATGCTTCGGCATGGCGAATGGGACTAAGCCATGAGGGTACGAATTTAAATCGGTGGCGCATTGCCTCCTCTTTCTACCACTTGTACTTCAGCGAGAC,200
18,ISAam1-TnpB_TTTAA_GCTCTCGAGAATCCATCTTT,ISAam1-TnpB_TTTAA_,AGAGCCATTTGTCTCGCTGA,ATACAGA,GCTCTCGAGAATCCATCTTT,CGTAGGTGGTGGGAGCATGTCACGCTCTCGAGAATCCATCTTTTTTTTTCTTCCTTATCGGCCGGCATGGTCCCAGCCTCCTCGCTGGCGCCGGCTGGGCAACATGCTTCGGCATGGCGAATGGGACAAAGATGGATTCTCGAGAGCTTAAATCGGTGGCGCATTGCCATACAGATCTACCACTTGTACTTCAGCGAGAC,200
19,ISAam1-TnpB_TTTAA_GCAATATTAGTGAGTCCAGT,ISAam1-TnpB_TTTAA_,AGAGCCATTTGTCTCGCTGA,GGATTTT,GCAATATTAGTGAGTCCAGT,CGTAGGTGGTGGGAGCATGTCACGCAATATTAGTGAGTCCAGTTTTTTTCTTCCTTATCGGCCGGCATGGTCCCAGCCTCCTCGCTGGCGCCGGCTGGGCAACATGCTTCGGCATGGCGAATGGGACACTGGACTCACTAATATTGCTTAAATCGGTGGCGCATTGCCGGATTTTTCTACCACTTGTACTTCAGCGAGAC,200
20,ISAam1-TnpB_TTTAA_GACACCACGTCGCTTGTTGT,ISAam1-TnpB_TTTAA_,AGAGCCATTTGTCTCGCTGA,ATAACAC,GACACCACGTCGCTTGTTGT,CGTAGGTGGTGGGAGCATGTCACGACACCACGTCGCTTGTTGTTTTTTTCTTCCTTATCGGCCGGCATGGTCCCAGCCTCCTCGCTGGCGCCGGCTGGGCAACATGCTTCGGCATGGCGAATGGGACACAACAAGCGACGTGGTGTCTTAAATCGGTGGCGCATTGCCATAACACTCTACCACTTGTACTTCAGCGAGAC,200
21,ISAam1-TnpB_TTTAA_ATAATTGCACCGTAATGACT,ISAam1-TnpB_TTTAA_,AGAGCCATTTGTCTCGCTGA,TATTGCT,ATAATTGCACCGTAATGACT,CGTAGGTGGTGGGAGCATGTCACATAATTGCACCGTAATGACTTTTTTTCTTCCTTATCGGCCGGCATGGTCCCAGCCTCCTCGCTGGCGCCGGCTGGGCAACATGCTTCGGCATGGCGAATGGGACAGTCATTACGGTGCAATTATTTAAATCGGTGGCGCATTGCCTATTGCTTCTACCACTTGTACTTCAGCGAGAC,200
22,ISAam1-TnpB_TTTAA_AAGCAGGAGGCGCTCAGTAA,ISAam1-TnpB_TTTAA_,AGAGCCATTTGTCTCGCTGA,AACATAT,AAGCAGGAGGCGCTCAGTAA,CGTAGGTGGTGGGAGCATGTCACAAGCAGGAGGCGCTCAGTAATTTTTTCTTCCTTATCGGCCGGCATGGTCCCAGCCTCCTCGCTGGCGCCGGCTGGGCAACATGCTTCGGCATGGCGAATGGGACTTACTGAGCGCCTCCTGCTTTTAAATCGGTGGCGCATTGCCAACATATTCTACCACTTGTACTTCAGCGAGAC,200
23,ISAam1-TnpB_TTTAA_CTGTTCTCCGTCCCTGTGCC,ISAam1-TnpB_TTTAA_,AGAGCCATTTGTCTCGCTGA,GACTACG,CTGTTCTCCGTCCCTGTGCC,CGTAGGTGGTGGGAGCATGTCACCTGTTCTCCGTCCCTGTGCCTTTTTTCTTCCTTATCGGCCGGCATGGTCCCAGCCTCCTCGCTGGCGCCGGCTGGGCAACATGCTTCGGCATGGCGAATGGGACGGCACAGGGACGGAGAACAGTTAAATCGGTGGCGCATTGCCGACTACGTCTACCACTTGTACTTCAGCGAGAC,200
24,ISAam1-TnpB_TTTAA_TACCATGCACTAGTTAAGAC,ISAam1-TnpB_TTTAA_,AGAGCCATTTGTCTCGCTGA,GATACGA,TACCATGCACTAGTTAAGAC,CGTAGGTGGTGGGAGCATGTCACTACCATGCACTAGTTAAGACTTTTTTCTTCCTTATCGGCCGGCATGGTCCCAGCCTCCTCGCTGGCGCCGGCTGGGCAACATGCTTCGGCATGGCGAATGGGACGTCTTAACTAGTGCATGGTATTAAATCGGTGGCGCATTGCCGATACGATCTACCACTTGTACTTCAGCGAGAC,200
25,ISAam1-TnpB_TTTAA_GGTTATCAGGGCCTTGTCGG,ISAam1-TnpB_TTTAA_,AGAGCCATTTGTCTCGCTGA,CTGTTCT,GGTTATCAGGGCCTTGTCGG,CGTAGGTGGTGGGAGCATGTCACGGTTATCAGGGCCTTGTCGGTTTTTTCTTCCTTATCGGCCGGCATGGTCCCAGCCTCCTCGCTGGCGCCGGCTGGGCAACATGCTTCGGCATGGCGAATGGGACCCGACAAGGCCCTGATAACCTTAAATCGGTGGCGCATTGCCCTGTTCTTCTACCACTTGTACTTCAGCGAGAC,200
26,ISAam1-TnpB_TTTAA_CACAAATCTAATCCCCTCGA,ISAam1-TnpB_TTTAA_,AGAGCCATTTGTCTCGCTGA,ATGGCAG,CACAAATCTAATCCCCTCGA,CGTAGGTGGTGGGAGCATGTCACCACAAATCTAATCCCCTCGATTTTTTCTTCCTTATCGGCCGGCATGGTCCCAGCCTCCTCGCTGGCGCCGGCTGGGCAACATGCTTCGGCATGGCGAATGGGACTCGAGGGGATTAGATTTGTGTTAAATCGGTGGCGCATTGCCATGGCAGTCTACCACTTGTACTTCAGCGAGAC,200
27,ISAam1-TnpB_TTTAA_GAACTGCGGCCCTACCTAGA,ISAam1-TnpB_TTTAA_,AGAGCCATTTGTCTCGCTGA,ACTGTAG,GAACTGCGGCCCTACCTAGA,CGTAGGTGGTGGGAGCATGTCACGAACTGCGGCCCTACCTAGATTTTTTCTTCCTTATCGGCCGGCATGGTCCCAGCCTCCTCGCTGGCGCCGGCTGGGCAACATGCTTCGGCATGGCGAATGGGACTCTAGGTAGGGCCGCAGTTCTTAAATCGGTGGCGCATTGCCACTGTAGTCTACCACTTGTACTTCAGCGAGAC,200
28,ISAam1-TnpB_TTTAA_GTGCACATGCTCGTCGAGGA,ISAam1-TnpB_TTTAA_,AGAGCCATTTGTCTCGCTGA,TAGTGTC,GTGCACATGCTCGTCGAGGA,CGTAGGTGGTGGGAGCATGTCACGTGCACATGCTCGTCGAGGATTTTTTCTTCCTTATCGGCCGGCATGGTCCCAGCCTCCTCGCTGGCGCCGGCTGGGCAACATGCTTCGGCATGGCGAATGGGACTCCTCGACGAGCATGTGCACTTAAATCGGTGGCGCATTGCCTAGTGTCTCTACCACTTGTACTTCAGCGAGAC,200
29,ISAam1-TnpB_TTTAA_ACTAACACAGGCTGTCTCGA,ISAam1-TnpB_TTTAA_,AGAGCCATTTGTCTCGCTGA,GATATTA,ACTAACACAGGCTGTCTCGA,CGTAGGTGGTGGGAGCATGTCACACTAACACAGGCTGTCTCGATTTTTTCTTCCTTATCGGCCGGCATGGTCCCAGCCTCCTCGCTGGCGCCGGCTGGGCAACATGCTTCGGCATGGCGAATGGGACTCGAGACAGCCTGTGTTAGTTTAAATCGGTGGCGCATTGCCGATATTATCTACCACTTGTACTTCAGCGAGAC,200
30,ISAam1-TnpB_TTTAA_AATAATAAGTTTCGTTGAGA,ISAam1-TnpB_TTTAA_,AGAGCCATTTGTCTCGCTGA,GGACTTT,AATAATAAGTTTCGTTGAGA,CGTAGGTGGTGGGAGCATGTCACAATAATAAGTTTCGTTGAGATTTTTTCTTCCTTATCGGCCGGCATGGTCCCAGCCTCCTCGCTGGCGCCGGCTGGGCAACATGCTTCGGCATGGCGAATGGGACTCTCAACGAAACTTATTATTTTAAATCGGTGGCGCATTGCCGGACTTTTCTACCACTTGTACTTCAGCGAGAC,200
31,ISAam1-TnpB_TTTAA_ACGGATTAGAGGCCCGCTGT,ISAam1-TnpB_TTTAA_,AGAGCCATTTGTCTCGCTGA,GGTGATC,ACGGATTAGAGGCCCGCTGT,CGTAGGTGGTGGGAGCATGTCACACGGATTAGAGGCCCGCTGTTTTTTTCTTCCTTATCGGCCGGCATGGTCCCAGCCTCCTCGCTGGCGCCGGCTGGGCAACATGCTTCGGCATGGCGAATGGGACACAGCGGGCCTCTAATCCGTTTAAATCGGTGGCGCATTGCCGGTGATCTCTACCACTTGTACTTCAGCGAGAC,200
32,ISAam1-TnpB_TTTAA_CGGAAAGCTGTGACCAATGG,ISAam1-TnpB_TTTAA_,AGAGCCATTTGTCTCGCTGA,CACGCGC,CGGAAAGCTGTGACCAATGG,CGTAGGTGGTGGGAGCATGTCACCGGAAAGCTGTGACCAATGGTTTTTTCTTCCTTATCGGCCGGCATGGTCCCAGCCTCCTCGCTGGCGCCGGCTGGGCAACATGCTTCGGCATGGCGAATGGGACCCATTGGTCACAGCTTTCCGTTAAATCGGTGGCGCATTGCCCACGCGCTCTACCACTTGTACTTCAGCGAGAC,200
33,ISAam1-TnpB_TTTAA_TCACTTTAAAACAGGTTCGA,ISAam1-TnpB_TTTAA_,AGAGCCATTTGTCTCGCTGA,TTATCAT,TCACTTTAAAACAGGTTCGA,CGTAGGTGGTGGGAGCATGTCACTCACTTTAAAACAGGTTCGATTTTTTCTTCCTTATCGGCCGGCATGGTCCCAGCCTCCTCGCTGGCGCCGGCTGGGCAACATGCTTCGGCATGGCGAATGGGACTCGAACCTGTTTTAAAGTGATTAAATCGGTGGCGCATTGCCTTATCATTCTACCACTTGTACTTCAGCGAGAC,200
34,ISAam1-TnpB_TTTAA_TAGCCGGGGCGAATTTACAT,ISAam1-TnpB_TTTAA_,AGAGCCATTTGTCTCGCTGA,GTAGTCA,TAGCCGGGGCGAATTTACAT,CGTAGGTGGTGGGAGCATGTCACTAGCCGGGGCGAATTTACATTTTTTTCTTCCTTATCGGCCGGCATGGTCCCAGCCTCCTCGCTGGCGCCGGCTGGGCAACATGCTTCGGCATGGCGAATGGGACATGTAAATTCGCCCCGGCTATTAAATCGGTGGCGCATTGCCGTAGTCATCTACCACTTGTACTTCAGCGAGAC,200
35,ISAam1-TnpB_TTTAA_ATCAAGGGGTTCGATCCGAG,ISAam1-TnpB_TTTAA_,AGAGCCATTTGTCTCGCTGA,TTGGTCC,ATCAAGGGGTTCGATCCGAG,CGTAGGTGGTGGGAGCATGTCACATCAAGGGGTTCGATCCGAGTTTTTTCTTCCTTATCGGCCGGCATGGTCCCAGCCTCCTCGCTGGCGCCGGCTGGGCAACATGCTTCGGCATGGCGAATGGGACCTCGGATCGAACCCCTTGATTTAAATCGGTGGCGCATTGCCTTGGTCCTCTACCACTTGTACTTCAGCGAGAC,200
36,ISAam1-TnpB_TTTAA_TAGCGTCCTCGAGCACCCTA,ISAam1-TnpB_TTTAA_,AGAGCCATTTGTCTCGCTGA,CAATATC,TAGCGTCCTCGAGCACCCTA,CGTAGGTGGTGGGAGCATGTCACTAGCGTCCTCGAGCACCCTATTTTTTCTTCCTTATCGGCCGGCATGGTCCCAGCCTCCTCGCTGGCGCCGGCTGGGCAACATGCTTCGGCATGGCGAATGGGACTAGGGTGCTCGAGGACGCTATTAAATCGGTGGCGCATTGCCCAATATCTCTACCACTTGTACTTCAGCGAGAC,200
37,ISAam1-TnpB_TTTAA_TCTAGTCAAGACCCGCAGGT,ISAam1-TnpB_TTTAA_,AGAGCCATTTGTCTCGCTGA,TCGAGGT,TCTAGTCAAGACCCGCAGGT,CGTAGGTGGTGGGAGCATGTCACTCTAGTCAAGACCCGCAGGTTTTTTTCTTCCTTATCGGCCGGCATGGTCCCAGCCTCCTCGCTGGCGCCGGCTGGGCAACATGCTTCGGCATGGCGAATGGGACACCTGCGGGTCTTGACTAGATTAAATCGGTGGCGCATTGCCTCGAGGTTCTACCACTTGTACTTCAGCGAGAC,200
38,ISAam1-TnpB_TTTAA_AGACCAATTCGGCTCTCAGT,ISAam1-TnpB_TTTAA_,AGAGCCATTTGTCTCGCTGA,GCGCAAG,AGACCAATTCGGCTCTCAGT,CGTAGGTGGTGGGAGCATGTCACAGACCAATTCGGCTCTCAGTTTTTTTCTTCCTTATCGGCCGGCATGGTCCCAGCCTCCTCGCTGGCGCCGGCTGGGCAACATGCTTCGGCATGGCGAATGGGACACTGAGAGCCGAATTGGTCTTTAAATCGGTGGCGCATTGCCGCGCAAGTCTACCACTTGTACTTCAGCGAGAC,200
39,ISAam1-TnpB_TTTAA_CCCATGGTAGAAGAGCAGCT,ISAam1-TnpB_TTTAA_,AGAGCCATTTGTCTCGCTGA,GTTGCAA,CCCATGGTAGAAGAGCAGCT,CGTAGGTGGTGGGAGCATGTCACCCCATGGTAGAAGAGCAGCTTTTTTTCTTCCTTATCGGCCGGCATGGTCCCAGCCTCCTCGCTGGCGCCGGCTGGGCAACATGCTTCGGCATGGCGAATGGGACAGCTGCTCTTCTACCATGGGTTAAATCGGTGGCGCATTGCCGTTGCAATCTACCACTTGTACTTCAGCGAGAC,200
40,ISAam1-TnpB_TTTAA_AGGAGTTGCTAAATTTCTAT,ISAam1-TnpB_TTTAA_,AGAGCCATTTGTCTCGCTGA,CTAGAAA,AGGAGTTGCTAAATTTCTAT,CGTAGGTGGTGGGAGCATGTCACAGGAGTTGCTAAATTTCTATTTTTTTCTTCCTTATCGGCCGGCATGGTCCCAGCCTCCTCGCTGGCGCCGGCTGGGCAACATGCTTCGGCATGGCGAATGGGACATAGAAATTTAGCAACTCCTTTAAATCGGTGGCGCATTGCCCTAGAAATCTACCACTTGTACTTCAGCGAGAC,200
41,ISAam1-TnpB_TTTAA_TATCTTCTACTTGACTAGGA,ISAam1-TnpB_TTTAA_,AGAGCCATTTGTCTCGCTGA,GAGGTTG,TATCTTCTACTTGACTAGGA,CGTAGGTGGTGGGAGCATGTCACTATCTTCTACTTGACTAGGATTTTTTCTTCCTTATCGGCCGGCATGGTCCCAGCCTCCTCGCTGGCGCCGGCTGGGCAACATGCTTCGGCATGGCGAATGGGACTCCTAGTCAAGTAGAAGATATTAAATCGGTGGCGCATTGCCGAGGTTGTCTACCACTTGTACTTCAGCGAGAC,200
42,ISAam1-TnpB_TTTAA_CAGAACATGACAGGTATGAT,ISAam1-TnpB_TTTAA_,AGAGCCATTTGTCTCGCTGA,TGTCCTT,CAGAACATGACAGGTATGAT,CGTAGGTGGTGGGAGCATGTCACCAGAACATGACAGGTATGATTTTTTTCTTCCTTATCGGCCGGCATGGTCCCAGCCTCCTCGCTGGCGCCGGCTGGGCAACATGCTTCGGCATGGCGAATGGGACATCATACCTGTCATGTTCTGTTAAATCGGTGGCGCATTGCCTGTCCTTTCTACCACTTGTACTTCAGCGAGAC,200
43,ISAam1-TnpB_TTTAA_ACACAAAGGGGCCCTTCTGC,ISAam1-TnpB_TTTAA_,AGAGCCATTTGTCTCGCTGA,ATTAGCA,ACACAAAGGGGCCCTTCTGC,CGTAGGTGGTGGGAGCATGTCACACACAAAGGGGCCCTTCTGCTTTTTTCTTCCTTATCGGCCGGCATGGTCCCAGCCTCCTCGCTGGCGCCGGCTGGGCAACATGCTTCGGCATGGCGAATGGGACGCAGAAGGGCCCCTTTGTGTTTAAATCGGTGGCGCATTGCCATTAGCATCTACCACTTGTACTTCAGCGAGAC,200
44,ISAam1-TnpB_TTTAA_GTCTTCCGAAGCCTCCGTAA,ISAam1-TnpB_TTTAA_,AGAGCCATTTGTCTCGCTGA,GGCTCCG,GTCTTCCGAAGCCTCCGTAA,CGTAGGTGGTGGGAGCATGTCACGTCTTCCGAAGCCTCCGTAATTTTTTCTTCCTTATCGGCCGGCATGGTCCCAGCCTCCTCGCTGGCGCCGGCTGGGCAACATGCTTCGGCATGGCGAATGGGACTTACGGAGGCTTCGGAAGACTTAAATCGGTGGCGCATTGCCGGCTCCGTCTACCACTTGTACTTCAGCGAGAC,200
45,ISAam1-TnpB_TTTAA_CGATGACAAAATCCACGCTA,ISAam1-TnpB_TTTAA_,AGAGCCATTTGTCTCGCTGA,AGTTGCC,CGATGACAAAATCCACGCTA,CGTAGGTGGTGGGAGCATGTCACCGATGACAAAATCCACGCTATTTTTTCTTCCTTATCGGCCGGCATGGTCCCAGCCTCCTCGCTGGCGCCGGCTGGGCAACATGCTTCGGCATGGCGAATGGGACTAGCGTGGATTTTGTCATCGTTAAATCGGTGGCGCATTGCCAGTTGCCTCTACCACTTGTACTTCAGCGAGAC,200
46,ISAam1-TnpB_TTTAA_TCGACCGTGCCGACTCCAGA,ISAam1-TnpB_TTTAA_,AGAGCCATTTGTCTCGCTGA,TTAGAGC,TCGACCGTGCCGACTCCAGA,CGTAGGTGGTGGGAGCATGTCACTCGACCGTGCCGACTCCAGATTTTTTCTTCCTTATCGGCCGGCATGGTCCCAGCCTCCTCGCTGGCGCCGGCTGGGCAACATGCTTCGGCATGGCGAATGGGACTCTGGAGTCGGCACGGTCGATTAAATCGGTGGCGCATTGCCTTAGAGCTCTACCACTTGTACTTCAGCGAGAC,200
47,ISAam1-TnpB_TTTAA_GGCGCAGCGCGTACCCTTCG,ISAam1-TnpB_TTTAA_,AGAGCCATTTGTCTCGCTGA,ATTTTAT,GGCGCAGCGCGTACCCTTCG,CGTAGGTGGTGGGAGCATGTCACGGCGCAGCGCGTACCCTTCGTTTTTTCTTCCTTATCGGCCGGCATGGTCCCAGCCTCCTCGCTGGCGCCGGCTGGGCAACATGCTTCGGCATGGCGAATGGGACCGAAGGGTACGCGCTGCGCCTTAAATCGGTGGCGCATTGCCATTTTATTCTACCACTTGTACTTCAGCGAGAC,200
48,ISAam1-TnpB_TTTAA_GCTGTACCTTCAACCCTATA,ISAam1-TnpB_TTTAA_,AGAGCCATTTGTCTCGCTGA,CCCGCAT,GCTGTACCTTCAACCCTATA,CGTAGGTGGTGGGAGCATGTCACGCTGTACCTTCAACCCTATATTTTTTCTTCCTTATCGGCCGGCATGGTCCCAGCCTCCTCGCTGGCGCCGGCTGGGCAACATGCTTCGGCATGGCGAATGGGACTATAGGGTTGAAGGTACAGCTTAAATCGGTGGCGCATTGCCCCCGCATTCTACCACTTGTACTTCAGCGAGAC,200
49,ISAam1-TnpB_TTTAA_CGGATGCATTCTAGCGCATA,ISAam1-TnpB_TTTAA_,AGAGCCATTTGTCTCGCTGA,TCGTGAT,CGGATGCATTCTAGCGCATA,CGTAGGTGGTGGGAGCATGTCACCGGATGCATTCTAGCGCATATTTTTTCTTCCTTATCGGCCGGCATGGTCCCAGCCTCCTCGCTGGCGCCGGCTGGGCAACATGCTTCGGCATGGCGAATGGGACTATGCGCTAGAATGCATCCGTTAAATCGGTGGCGCATTGCCTCGTGATTCTACCACTTGTACTTCAGCGAGAC,200
50,ISAam1-TnpB_TTTAA_GAGTCTTATTAATGCTCGTC,ISAam1-TnpB_TTTAA_,AGAGCCATTTGTCTCGCTGA,ACTATGG,GAGTCTTATTAATGCTCGTC,CGTAGGTGGTGGGAGCATGTCACGAGTCTTATTAATGCTCGTCTTTTTTCTTCCTTATCGGCCGGCATGGTCCCAGCCTCCTCGCTGGCGCCGGCTGGGCAACATGCTTCGGCATGGCGAATGGGACGACGAGCATTAATAAGACTCTTAAATCGGTGGCGCATTGCCACTATGGTCTACCACTTGTACTTCAGCGAGAC,200
51,ISAam1-TnpB_TTTAA_ATTTCCGTACGCAAGTACTG,ISAam1-TnpB_TTTAA_,AGAGCCATTTGTCTCGCTGA,AGCCCTC,ATTTCCGTACGCAAGTACTG,CGTAGGTGGTGGGAGCATGTCACATTTCCGTACGCAAGTACTGTTTTTTCTTCCTTATCGGCCGGCATGGTCCCAGCCTCCTCGCTGGCGCCGGCTGGGCAACATGCTTCGGCATGGCGAATGGGACCAGTACTTGCGTACGGAAATTTAAATCGGTGGCGCATTGCCAGCCCTCTCTACCACTTGTACTTCAGCGAGAC,200
52,ISAam1-TnpB_TTTAA_AGTAGCAAAGGAGAAGCAGG,ISAam1-TnpB_TTTAA_,AGAGCCATTTGTCTCGCTGA,GGGGGAT,AGTAGCAAAGGAGAAGCAGG,CGTAGGTGGTGGGAGCATGTCACAGTAGCAAAGGAGAAGCAGGTTTTTTCTTCCTTATCGGCCGGCATGGTCCCAGCCTCCTCGCTGGCGCCGGCTGGGCAACATGCTTCGGCATGGCGAATGGGACCCTGCTTCTCCTTTGCTACTTTAAATCGGTGGCGCATTGCCGGGGGATTCTACCACTTGTACTTCAGCGAGAC,200
53,ISAam1-TnpB_TTTAA_GAACATTATCGGTATCTTGA,ISAam1-TnpB_TTTAA_,AGAGCCATTTGTCTCGCTGA,CCCGACA,GAACATTATCGGTATCTTGA,CGTAGGTGGTGGGAGCATGTCACGAACATTATCGGTATCTTGATTTTTTCTTCCTTATCGGCCGGCATGGTCCCAGCCTCCTCGCTGGCGCCGGCTGGGCAACATGCTTCGGCATGGCGAATGGGACTCAAGATACCGATAATGTTCTTAAATCGGTGGCGCATTGCCCCCGACATCTACCACTTGTACTTCAGCGAGAC,200
54,ISAam1-TnpB_TTTAA_GGTGAAATACTATTGATGCC,ISAam1-TnpB_TTTAA_,AGAGCCATTTGTCTCGCTGA,CTACTAG,GGTGAAATACTATTGATGCC,CGTAGGTGGTGGGAGCATGTCACGGTGAAATACTATTGATGCCTTTTTTCTTCCTTATCGGCCGGCATGGTCCCAGCCTCCTCGCTGGCGCCGGCTGGGCAACATGCTTCGGCATGGCGAATGGGACGGCATCAATAGTATTTCACCTTAAATCGGTGGCGCATTGCCCTACTAGTCTACCACTTGTACTTCAGCGAGAC,200
55,ISAam1-TnpB_TTTAA_TCAGGTGGCGCGCTCCTATA,ISAam1-TnpB_TTTAA_,AGAGCCATTTGTCTCGCTGA,CCCCTGA,TCAGGTGGCGCGCTCCTATA,CGTAGGTGGTGGGAGCATGTCACTCAGGTGGCGCGCTCCTATATTTTTTCTTCCTTATCGGCCGGCATGGTCCCAGCCTCCTCGCTGGCGCCGGCTGGGCAACATGCTTCGGCATGGCGAATGGGACTATAGGAGCGCGCCACCTGATTAAATCGGTGGCGCATTGCCCCCCTGATCTACCACTTGTACTTCAGCGAGAC,200
56,ISAam1-TnpB_TTTAA_TGTTAGCCACCATTGGCCCC,ISAam1-TnpB_TTTAA_,AGAGCCATTTGTCTCGCTGA,AAACAAA,TGTTAGCCACCATTGGCCCC,CGTAGGTGGTGGGAGCATGTCACTGTTAGCCACCATTGGCCCCTTTTTTCTTCCTTATCGGCCGGCATGGTCCCAGCCTCCTCGCTGGCGCCGGCTGGGCAACATGCTTCGGCATGGCGAATGGGACGGGGCCAATGGTGGCTAACATTAAATCGGTGGCGCATTGCCAAACAAATCTACCACTTGTACTTCAGCGAGAC,200
57,ISAam1-TnpB_TTTAA_CCATCTCGGGACCGCATCTC,ISAam1-TnpB_TTTAA_,AGAGCCATTTGTCTCGCTGA,TGTCTTA,CCATCTCGGGACCGCATCTC,CGTAGGTGGTGGGAGCATGTCACCCATCTCGGGACCGCATCTCTTTTTTCTTCCTTATCGGCCGGCATGGTCCCAGCCTCCTCGCTGGCGCCGGCTGGGCAACATGCTTCGGCATGGCGAATGGGACGAGATGCGGTCCCGAGATGGTTAAATCGGTGGCGCATTGCCTGTCTTATCTACCACTTGTACTTCAGCGAGAC,200
58,ISAam1-TnpB_TTTAA_CTCGAAGTGGGAGTAATGGT,ISAam1-TnpB_TTTAA_,AGAGCCATTTGTCTCGCTGA,TTTAAAT,CTCGAAGTGGGAGTAATGGT,CGTAGGTGGTGGGAGCATGTCACCTCGAAGTGGGAGTAATGGTTTTTTTCTTCCTTATCGGCCGGCATGGTCCCAGCCTCCTCGCTGGCGCCGGCTGGGCAACATGCTTCGGCATGGCGAATGGGACACCATTACTCCCACTTCGAGTTAAATCGGTGGCGCATTGCCTTTAAATTCTACCACTTGTACTTCAGCGAGAC,200
59,ISAam1-TnpB_TTTAA_GTGAACGCTTCTGTTACCGG,ISAam1-TnpB_TTTAA_,AGAGCCATTTGTCTCGCTGA,TAGTAAG,GTGAACGCTTCTGTTACCGG,CGTAGGTGGTGGGAGCATGTCACGTGAACGCTTCTGTTACCGGTTTTTTCTTCCTTATCGGCCGGCATGGTCCCAGCCTCCTCGCTGGCGCCGGCTGGGCAACATGCTTCGGCATGGCGAATGGGACCCGGTAACAGAAGCGTTCACTTAAATCGGTGGCGCATTGCCTAGTAAGTCTACCACTTGTACTTCAGCGAGAC,200
60,ISAam1-TnpB_TTTAA_AGCCATACCAGAATCCTAGA,ISAam1-TnpB_TTTAA_,AGAGCCATTTGTCTCGCTGA,AATTCGA,AGCCATACCAGAATCCTAGA,CGTAGGTGGTGGGAGCATGTCACAGCCATACCAGAATCCTAGATTTTTTCTTCCTTATCGGCCGGCATGGTCCCAGCCTCCTCGCTGGCGCCGGCTGGGCAACATGCTTCGGCATGGCGAATGGGACTCTAGGATTCTGGTATGGCTTTAAATCGGTGGCGCATTGCCAATTCGATCTACCACTTGTACTTCAGCGAGAC,200
61,ISAam1-TnpB_TTTAA_AGCGTCATTAGTATAACGGT,ISAam1-TnpB_TTTAA_,AGAGCCATTTGTCTCGCTGA,CAAGTAA,AGCGTCATTAGTATAACGGT,CGTAGGTGGTGGGAGCATGTCACAGCGTCATTAGTATAACGGTTTTTTTCTTCCTTATCGGCCGGCATGGTCCCAGCCTCCTCGCTGGCGCCGGCTGGGCAACATGCTTCGGCATGGCGAATGGGACACCGTTATACTAATGACGCTTTAAATCGGTGGCGCATTGCCCAAGTAATCTACCACTTGTACTTCAGCGAGAC,200
62,ISAam1-TnpB_TTTAA_AAGAGATTGTTTGAAGAGGG,ISAam1-TnpB_TTTAA_,AGAGCCATTTGTCTCGCTGA,AGTGTCT,AAGAGATTGTTTGAAGAGGG,CGTAGGTGGTGGGAGCATGTCACAAGAGATTGTTTGAAGAGGGTTTTTTCTTCCTTATCGGCCGGCATGGTCCCAGCCTCCTCGCTGGCGCCGGCTGGGCAACATGCTTCGGCATGGCGAATGGGACCCCTCTTCAAACAATCTCTTTTAAATCGGTGGCGCATTGCCAGTGTCTTCTACCACTTGTACTTCAGCGAGAC,200
63,ISAam1-TnpB_TTTAA_GGAGTACACCTCACGAAGGG,ISAam1-TnpB_TTTAA_,AGAGCCATTTGTCTCGCTGA,GATATAT,GGAGTACACCTCACGAAGGG,CGTAGGTGGTGGGAGCATGTCACGGAGTACACCTCACGAAGGGTTTTTTCTTCCTTATCGGCCGGCATGGTCCCAGCCTCCTCGCTGGCGCCGGCTGGGCAACATGCTTCGGCATGGCGAATGGGACCCCTTCGTGAGGTGTACTCCTTAAATCGGTGGCGCATTGCCGATATATTCTACCACTTGTACTTCAGCGAGAC,200
64,ISAam1-TnpB_TTTAA_GAGCTCAAGTAAGAGCGCTC,ISAam1-TnpB_TTTAA_,AGAGCCATTTGTCTCGCTGA,ACTACAA,GAGCTCAAGTAAGAGCGCTC,CGTAGGTGGTGGGAGCATGTCACGAGCTCAAGTAAGAGCGCTCTTTTTTCTTCCTTATCGGCCGGCATGGTCCCAGCCTCCTCGCTGGCGCCGGCTGGGCAACATGCTTCGGCATGGCGAATGGGACGAGCGCTCTTACTTGAGCTCTTAAATCGGTGGCGCATTGCCACTACAATCTACCACTTGTACTTCAGCGAGAC,200
65,ISAam1-TnpB_TTTAA_AGGATTCTCTAGATGGTTCC,ISAam1-TnpB_TTTAA_,AGAGCCATTTGTCTCGCTGA,CTCCACT,AGGATTCTCTAGATGGTTCC,CGTAGGTGGTGGGAGCATGTCACAGGATTCTCTAGATGGTTCCTTTTTTCTTCCTTATCGGCCGGCATGGTCCCAGCCTCCTCGCTGGCGCCGGCTGGGCAACATGCTTCGGCATGGCGAATGGGACGGAACCATCTAGAGAATCCTTTAAATCGGTGGCGCATTGCCCTCCACTTCTACCACTTGTACTTCAGCGAGAC,200
66,ISAam1-TnpB_TTTAA_CGCCCTACACTTCGCTGGTA,ISAam1-TnpB_TTTAA_,AGAGCCATTTGTCTCGCTGA,AAAACAG,CGCCCTACACTTCGCTGGTA,CGTAGGTGGTGGGAGCATGTCACCGCCCTACACTTCGCTGGTATTTTTTCTTCCTTATCGGCCGGCATGGTCCCAGCCTCCTCGCTGGCGCCGGCTGGGCAACATGCTTCGGCATGGCGAATGGGACTACCAGCGAAGTGTAGGGCGTTAAATCGGTGGCGCATTGCCAAAACAGTCTACCACTTGTACTTCAGCGAGAC,200
67,ISAam1-TnpB_TTTAA_TAAGCTGCGCATCTTGGAAG,ISAam1-TnpB_TTTAA_,AGAGCCATTTGTCTCGCTGA,TATGGAA,TAAGCTGCGCATCTTGGAAG,CGTAGGTGGTGGGAGCATGTCACTAAGCTGCGCATCTTGGAAGTTTTTTCTTCCTTATCGGCCGGCATGGTCCCAGCCTCCTCGCTGGCGCCGGCTGGGCAACATGCTTCGGCATGGCGAATGGGACCTTCCAAGATGCGCAGCTTATTAAATCGGTGGCGCATTGCCTATGGAATCTACCACTTGTACTTCAGCGAGAC,200
68,ISAam1-TnpB_TTTAA_CAGCGTTGAAAACAATCACA,ISAam1-TnpB_TTTAA_,AGAGCCATTTGTCTCGCTGA,TAAGCCT,CAGCGTTGAAAACAATCACA,CGTAGGTGGTGGGAGCATGTCACCAGCGTTGAAAACAATCACATTTTTTCTTCCTTATCGGCCGGCATGGTCCCAGCCTCCTCGCTGGCGCCGGCTGGGCAACATGCTTCGGCATGGCGAATGGGACTGTGATTGTTTTCAACGCTGTTAAATCGGTGGCGCATTGCCTAAGCCTTCTACCACTTGTACTTCAGCGAGAC,200
69,ISAam1-TnpB_TTTAA_ATGGGATATCGTCCTCAAAT,ISAam1-TnpB_TTTAA_,AGAGCCATTTGTCTCGCTGA,CTGCTCC,ATGGGATATCGTCCTCAAAT,CGTAGGTGGTGGGAGCATGTCACATGGGATATCGTCCTCAAATTTTTTTCTTCCTTATCGGCCGGCATGGTCCCAGCCTCCTCGCTGGCGCCGGCTGGGCAACATGCTTCGGCATGGCGAATGGGACATTTGAGGACGATATCCCATTTAAATCGGTGGCGCATTGCCCTGCTCCTCTACCACTTGTACTTCAGCGAGAC,200
70,ISAam1-TnpB_TTTAA_GATTAACGGGGCGCTCACCA,ISAam1-TnpB_TTTAA_,AGAGCCATTTGTCTCGCTGA,TTCGTTA,GATTAACGGGGCGCTCACCA,CGTAGGTGGTGGGAGCATGTCACGATTAACGGGGCGCTCACCATTTTTTCTTCCTTATCGGCCGGCATGGTCCCAGCCTCCTCGCTGGCGCCGGCTGGGCAACATGCTTCGGCATGGCGAATGGGACTGGTGAGCGCCCCGTTAATCTTAAATCGGTGGCGCATTGCCTTCGTTATCTACCACTTGTACTTCAGCGAGAC,200
71,ISAam1-TnpB_TTTAA_ATGCAGTAATTCGCCCCTAA,ISAam1-TnpB_TTTAA_,AGAGCCATTTGTCTCGCTGA,AAGCTGC,ATGCAGTAATTCGCCCCTAA,CGTAGGTGGTGGGAGCATGTCACATGCAGTAATTCGCCCCTAATTTTTTCTTCCTTATCGGCCGGCATGGTCCCAGCCTCCTCGCTGGCGCCGGCTGGGCAACATGCTTCGGCATGGCGAATGGGACTTAGGGGCGAATTACTGCATTTAAATCGGTGGCGCATTGCCAAGCTGCTCTACCACTTGTACTTCAGCGAGAC,200
72,ISAam1-TnpB_TTTAA_CGAGGTTATTGGGTCAATAG,ISAam1-TnpB_TTTAA_,AGAGCCATTTGTCTCGCTGA,GGTCAAT,CGAGGTTATTGGGTCAATAG,CGTAGGTGGTGGGAGCATGTCACCGAGGTTATTGGGTCAATAGTTTTTTCTTCCTTATCGGCCGGCATGGTCCCAGCCTCCTCGCTGGCGCCGGCTGGGCAACATGCTTCGGCATGGCGAATGGGACCTATTGACCCAATAACCTCGTTAAATCGGTGGCGCATTGCCGGTCAATTCTACCACTTGTACTTCAGCGAGAC,200
73,ISAam1-TnpB_TTTAA_TCTCTTGAAGCAAGTAACAC,ISAam1-TnpB_TTTAA_,AGAGCCATTTGTCTCGCTGA,TGACGCA,TCTCTTGAAGCAAGTAACAC,CGTAGGTGGTGGGAGCATGTCACTCTCTTGAAGCAAGTAACACTTTTTTCTTCCTTATCGGCCGGCATGGTCCCAGCCTCCTCGCTGGCGCCGGCTGGGCAACATGCTTCGGCATGGCGAATGGGACGTGTTACTTGCTTCAAGAGATTAAATCGGTGGCGCATTGCCTGACGCATCTACCACTTGTACTTCAGCGAGAC,200
74,ISAam1-TnpB_TTTAA_ATGGCCCAAGGCCGATTACG,ISAam1-TnpB_TTTAA_,AGAGCCATTTGTCTCGCTGA,CGCTTTA,ATGGCCCAAGGCCGATTACG,CGTAGGTGGTGGGAGCATGTCACATGGCCCAAGGCCGATTACGTTTTTTCTTCCTTATCGGCCGGCATGGTCCCAGCCTCCTCGCTGGCGCCGGCTGGGCAACATGCTTCGGCATGGCGAATGGGACCGTAATCGGCCTTGGGCCATTTAAATCGGTGGCGCATTGCCCGCTTTATCTACCACTTGTACTTCAGCGAGAC,200
75,ISAam1-TnpB_TTTAA_GTAAGTAAGGCATAGCGTGT,ISAam1-TnpB_TTTAA_,AGAGCCATTTGTCTCGCTGA,CATTCAT,GTAAGTAAGGCATAGCGTGT,CGTAGGTGGTGGGAGCATGTCACGTAAGTAAGGCATAGCGTGTTTTTTTCTTCCTTATCGGCCGGCATGGTCCCAGCCTCCTCGCTGGCGCCGGCTGGGCAACATGCTTCGGCATGGCGAATGGGACACACGCTATGCCTTACTTACTTAAATCGGTGGCGCATTGCCCATTCATTCTACCACTTGTACTTCAGCGAGAC,200
76,ISAam1-TnpB_TTTAA_GCGGAGCACAATTTGCTCGG,ISAam1-TnpB_TTTAA_,AGAGCCATTTGTCTCGCTGA,CAACAAT,GCGGAGCACAATTTGCTCGG,CGTAGGTGGTGGGAGCATGTCACGCGGAGCACAATTTGCTCGGTTTTTTCTTCCTTATCGGCCGGCATGGTCCCAGCCTCCTCGCTGGCGCCGGCTGGGCAACATGCTTCGGCATGGCGAATGGGACCCGAGCAAATTGTGCTCCGCTTAAATCGGTGGCGCATTGCCCAACAATTCTACCACTTGTACTTCAGCGAGAC,200
77,ISAam1-TnpB_TTTAA_ACTAAGACACATGGGGCCGT,ISAam1-TnpB_TTTAA_,AGAGCCATTTGTCTCGCTGA,CATGACA,ACTAAGACACATGGGGCCGT,CGTAGGTGGTGGGAGCATGTCACACTAAGACACATGGGGCCGTTTTTTTCTTCCTTATCGGCCGGCATGGTCCCAGCCTCCTCGCTGGCGCCGGCTGGGCAACATGCTTCGGCATGGCGAATGGGACACGGCCCCATGTGTCTTAGTTTAAATCGGTGGCGCATTGCCCATGACATCTACCACTTGTACTTCAGCGAGAC,200
78,ISAam1-TnpB_TTTAA_TCCATATGTGATACGTACAT,ISAam1-TnpB_TTTAA_,AGAGCCATTTGTCTCGCTGA,CCTCGTC,TCCATATGTGATACGTACAT,CGTAGGTGGTGGGAGCATGTCACTCCATATGTGATACGTACATTTTTTTCTTCCTTATCGGCCGGCATGGTCCCAGCCTCCTCGCTGGCGCCGGCTGGGCAACATGCTTCGGCATGGCGAATGGGACATGTACGTATCACATATGGATTAAATCGGTGGCGCATTGCCCCTCGTCTCTACCACTTGTACTTCAGCGAGAC,200
79,ISAam1-TnpB_TTTAA_CGATCAGGAGAGTAATTATC,ISAam1-TnpB_TTTAA_,AGAGCCATTTGTCTCGCTGA,AGTGAAG,CGATCAGGAGAGTAATTATC,CGTAGGTGGTGGGAGCATGTCACCGATCAGGAGAGTAATTATCTTTTTTCTTCCTTATCGGCCGGCATGGTCCCAGCCTCCTCGCTGGCGCCGGCTGGGCAACATGCTTCGGCATGGCGAATGGGACGATAATTACTCTCCTGATCGTTAAATCGGTGGCGCATTGCCAGTGAAGTCTACCACTTGTACTTCAGCGAGAC,200
80,ISAam1-TnpB_TTTAA_ACCAGCCCTGCATTACGACG,ISAam1-TnpB_TTTAA_,AGAGCCATTTGTCTCGCTGA,TTCGGTT,ACCAGCCCTGCATTACGACG,CGTAGGTGGTGGGAGCATGTCACACCAGCCCTGCATTACGACGTTTTTTCTTCCTTATCGGCCGGCATGGTCCCAGCCTCCTCGCTGGCGCCGGCTGGGCAACATGCTTCGGCATGGCGAATGGGACCGTCGTAATGCAGGGCTGGTTTAAATCGGTGGCGCATTGCCTTCGGTTTCTACCACTTGTACTTCAGCGAGAC,200
81,ISAam1-TnpB_TTTAA_CGGCTCTAAGTGCCCAGCCC,ISAam1-TnpB_TTTAA_,AGAGCCATTTGTCTCGCTGA,TCGTAGG,CGGCTCTAAGTGCCCAGCCC,CGTAGGTGGTGGGAGCATGTCACCGGCTCTAAGTGCCCAGCCCTTTTTTCTTCCTTATCGGCCGGCATGGTCCCAGCCTCCTCGCTGGCGCCGGCTGGGCAACATGCTTCGGCATGGCGAATGGGACGGGCTGGGCACTTAGAGCCGTTAAATCGGTGGCGCATTGCCTCGTAGGTCTACCACTTGTACTTCAGCGAGAC,200
82,ISAam1-TnpB_TTTAA_CTATGGTTAGGTCGCTATAT,ISAam1-TnpB_TTTAA_,AGAGCCATTTGTCTCGCTGA,GGTGCCT,CTATGGTTAGGTCGCTATAT,CGTAGGTGGTGGGAGCATGTCACCTATGGTTAGGTCGCTATATTTTTTTCTTCCTTATCGGCCGGCATGGTCCCAGCCTCCTCGCTGGCGCCGGCTGGGCAACATGCTTCGGCATGGCGAATGGGACATATAGCGACCTAACCATAGTTAAATCGGTGGCGCATTGCCGGTGCCTTCTACCACTTGTACTTCAGCGAGAC,200
83,ISAam1-TnpB_TTTAA_AATGGTTCCTGTAGCCCTAC,ISAam1-TnpB_TTTAA_,AGAGCCATTTGTCTCGCTGA,GTTATTT,AATGGTTCCTGTAGCCCTAC,CGTAGGTGGTGGGAGCATGTCACAATGGTTCCTGTAGCCCTACTTTTTTCTTCCTTATCGGCCGGCATGGTCCCAGCCTCCTCGCTGGCGCCGGCTGGGCAACATGCTTCGGCATGGCGAATGGGACGTAGGGCTACAGGAACCATTTTAAATCGGTGGCGCATTGCCGTTATTTTCTACCACTTGTACTTCAGCGAGAC,200
84,ISAam1-TnpB_TTTAA_TTCTACCATACTGGGTAGGG,ISAam1-TnpB_TTTAA_,AGAGCCATTTGTCTCGCTGA,ATATGGA,TTCTACCATACTGGGTAGGG,CGTAGGTGGTGGGAGCATGTCACTTCTACCATACTGGGTAGGGTTTTTTCTTCCTTATCGGCCGGCATGGTCCCAGCCTCCTCGCTGGCGCCGGCTGGGCAACATGCTTCGGCATGGCGAATGGGACCCCTACCCAGTATGGTAGAATTAAATCGGTGGCGCATTGCCATATGGATCTACCACTTGTACTTCAGCGAGAC,200
85,ISAam1-TnpB_TTTAA_GTTGGTACCTTACTCGACCC,ISAam1-TnpB_TTTAA_,AGAGCCATTTGTCTCGCTGA,GATGACC,GTTGGTACCTTACTCGACCC,CGTAGGTGGTGGGAGCATGTCACGTTGGTACCTTACTCGACCCTTTTTTCTTCCTTATCGGCCGGCATGGTCCCAGCCTCCTCGCTGGCGCCGGCTGGGCAACATGCTTCGGCATGGCGAATGGGACGGGTCGAGTAAGGTACCAACTTAAATCGGTGGCGCATTGCCGATGACCTCTACCACTTGTACTTCAGCGAGAC,200
86,ISAam1-TnpB_TTTAA_AGGAAACTCTCTGTGTTATA,ISAam1-TnpB_TTTAA_,AGAGCCATTTGTCTCGCTGA,TAGCTCA,AGGAAACTCTCTGTGTTATA,CGTAGGTGGTGGGAGCATGTCACAGGAAACTCTCTGTGTTATATTTTTTCTTCCTTATCGGCCGGCATGGTCCCAGCCTCCTCGCTGGCGCCGGCTGGGCAACATGCTTCGGCATGGCGAATGGGACTATAACACAGAGAGTTTCCTTTAAATCGGTGGCGCATTGCCTAGCTCATCTACCACTTGTACTTCAGCGAGAC,200
87,ISAam1-TnpB_TTTAA_GTACAGGTGAACGTGATATA,ISAam1-TnpB_TTTAA_,AGAGCCATTTGTCTCGCTGA,GGTACTG,GTACAGGTGAACGTGATATA,CGTAGGTGGTGGGAGCATGTCACGTACAGGTGAACGTGATATATTTTTTCTTCCTTATCGGCCGGCATGGTCCCAGCCTCCTCGCTGGCGCCGGCTGGGCAACATGCTTCGGCATGGCGAATGGGACTATATCACGTTCACCTGTACTTAAATCGGTGGCGCATTGCCGGTACTGTCTACCACTTGTACTTCAGCGAGAC,200
88,ISAam1-TnpB_TTTAA_TGACTAGGGCCGGAGTAAGC,ISAam1-TnpB_TTTAA_,AGAGCCATTTGTCTCGCTGA,GGGGGTG,TGACTAGGGCCGGAGTAAGC,CGTAGGTGGTGGGAGCATGTCACTGACTAGGGCCGGAGTAAGCTTTTTTCTTCCTTATCGGCCGGCATGGTCCCAGCCTCCTCGCTGGCGCCGGCTGGGCAACATGCTTCGGCATGGCGAATGGGACGCTTACTCCGGCCCTAGTCATTAAATCGGTGGCGCATTGCCGGGGGTGTCTACCACTTGTACTTCAGCGAGAC,200
89,ISAam1-TnpB_TTTAA_AGCGGAGTTCTAGCGCCCGC,ISAam1-TnpB_TTTAA_,AGAGCCATTTGTCTCGCTGA,CCATTCT,AGCGGAGTTCTAGCGCCCGC,CGTAGGTGGTGGGAGCATGTCACAGCGGAGTTCTAGCGCCCGCTTTTTTCTTCCTTATCGGCCGGCATGGTCCCAGCCTCCTCGCTGGCGCCGGCTGGGCAACATGCTTCGGCATGGCGAATGGGACGCGGGCGCTAGAACTCCGCTTTAAATCGGTGGCGCATTGCCCCATTCTTCTACCACTTGTACTTCAGCGAGAC,200
90,ISAam1-TnpB_TTTAA_GGTCAGACGGTTTGTTCCTC,ISAam1-TnpB_TTTAA_,AGAGCCATTTGTCTCGCTGA,CTAAACC,GGTCAGACGGTTTGTTCCTC,CGTAGGTGGTGGGAGCATGTCACGGTCAGACGGTTTGTTCCTCTTTTTTCTTCCTTATCGGCCGGCATGGTCCCAGCCTCCTCGCTGGCGCCGGCTGGGCAACATGCTTCGGCATGGCGAATGGGACGAGGAACAAACCGTCTGACCTTAAATCGGTGGCGCATTGCCCTAAACCTCTACCACTTGTACTTCAGCGAGAC,200
91,ISAam1-TnpB_TTTAA_TGTGTAGCGGGTGGGGCCCC,ISAam1-TnpB_TTTAA_,AGAGCCATTTGTCTCGCTGA,ATTTTCT,TGTGTAGCGGGTGGGGCCCC,CGTAGGTGGTGGGAGCATGTCACTGTGTAGCGGGTGGGGCCCCTTTTTTCTTCCTTATCGGCCGGCATGGTCCCAGCCTCCTCGCTGGCGCCGGCTGGGCAACATGCTTCGGCATGGCGAATGGGACGGGGCCCCACCCGCTACACATTAAATCGGTGGCGCATTGCCATTTTCTTCTACCACTTGTACTTCAGCGAGAC,200
92,ISAam1-TnpB_TTTAA_ACTCGTACCCTTAACATACA,ISAam1-TnpB_TTTAA_,AGAGCCATTTGTCTCGCTGA,ACCGATG,ACTCGTACCCTTAACATACA,CGTAGGTGGTGGGAGCATGTCACACTCGTACCCTTAACATACATTTTTTCTTCCTTATCGGCCGGCATGGTCCCAGCCTCCTCGCTGGCGCCGGCTGGGCAACATGCTTCGGCATGGCGAATGGGACTGTATGTTAAGGGTACGAGTTTAAATCGGTGGCGCATTGCCACCGATGTCTACCACTTGTACTTCAGCGAGAC,200
93,ISAam1-TnpB_TTTAA_TGCGTGGAGTCTGTGTGCGG,ISAam1-TnpB_TTTAA_,AGAGCCATTTGTCTCGCTGA,GCCGTTT,TGCGTGGAGTCTGTGTGCGG,CGTAGGTGGTGGGAGCATGTCACTGCGTGGAGTCTGTGTGCGGTTTTTTCTTCCTTATCGGCCGGCATGGTCCCAGCCTCCTCGCTGGCGCCGGCTGGGCAACATGCTTCGGCATGGCGAATGGGACCCGCACACAGACTCCACGCATTAAATCGGTGGCGCATTGCCGCCGTTTTCTACCACTTGTACTTCAGCGAGAC,200
94,ISAam1-TnpB_TTTAA_TAATATGGCGGGGCGGGCGT,ISAam1-TnpB_TTTAA_,AGAGCCATTTGTCTCGCTGA,GAAAAGT,TAATATGGCGGGGCGGGCGT,CGTAGGTGGTGGGAGCATGTCACTAATATGGCGGGGCGGGCGTTTTTTTCTTCCTTATCGGCCGGCATGGTCCCAGCCTCCTCGCTGGCGCCGGCTGGGCAACATGCTTCGGCATGGCGAATGGGACACGCCCGCCCCGCCATATTATTAAATCGGTGGCGCATTGCCGAAAAGTTCTACCACTTGTACTTCAGCGAGAC,200
95,ISAam1-TnpB_TTTAA_CGCAACGCCTAAATTGGCAG,ISAam1-TnpB_TTTAA_,AGAGCCATTTGTCTCGCTGA,TTTCCCA,CGCAACGCCTAAATTGGCAG,CGTAGGTGGTGGGAGCATGTCACCGCAACGCCTAAATTGGCAGTTTTTTCTTCCTTATCGGCCGGCATGGTCCCAGCCTCCTCGCTGGCGCCGGCTGGGCAACATGCTTCGGCATGGCGAATGGGACCTGCCAATTTAGGCGTTGCGTTAAATCGGTGGCGCATTGCCTTTCCCATCTACCACTTGTACTTCAGCGAGAC,200
96,ISAam1-TnpB_TTTAA_AGGGTCCTTGAGAGGCCAAT,ISAam1-TnpB_TTTAA_,AGAGCCATTTGTCTCGCTGA,GAGCTGT,AGGGTCCTTGAGAGGCCAAT,CGTAGGTGGTGGGAGCATGTCACAGGGTCCTTGAGAGGCCAATTTTTTTCTTCCTTATCGGCCGGCATGGTCCCAGCCTCCTCGCTGGCGCCGGCTGGGCAACATGCTTCGGCATGGCGAATGGGACATTGGCCTCTCAAGGACCCTTTAAATCGGTGGCGCATTGCCGAGCTGTTCTACCACTTGTACTTCAGCGAGAC,200
97,ISAam1-TnpB_TTTAA_TGAGATCACGCCATGTAGGC,ISAam1-TnpB_TTTAA_,AGAGCCATTTGTCTCGCTGA,ATAGAAT,TGAGATCACGCCATGTAGGC,CGTAGGTGGTGGGAGCATGTCACTGAGATCACGCCATGTAGGCTTTTTTCTTCCTTATCGGCCGGCATGGTCCCAGCCTCCTCGCTGGCGCCGGCTGGGCAACATGCTTCGGCATGGCGAATGGGACGCCTACATGGCGTGATCTCATTAAATCGGTGGCGCATTGCCATAGAATTCTACCACTTGTACTTCAGCGAGAC,200
98,ISAam1-TnpB_TTTAA_TACGGAATCCCCCTCTGGGG,ISAam1-TnpB_TTTAA_,AGAGCCATTTGTCTCGCTGA,CAGGAAA,TACGGAATCCCCCTCTGGGG,CGTAGGTGGTGGGAGCATGTCACTACGGAATCCCCCTCTGGGGTTTTTTCTTCCTTATCGGCCGGCATGGTCCCAGCCTCCTCGCTGGCGCCGGCTGGGCAACATGCTTCGGCATGGCGAATGGGACCCCCAGAGGGGGATTCCGTATTAAATCGGTGGCGCATTGCCCAGGAAATCTACCACTTGTACTTCAGCGAGAC,200
99,ISAam1-TnpB_TTTAA_AGTTGTCCTTTAGATTGTAG,ISAam1-TnpB_TTTAA_,AGAGCCATTTGTCTCGCTGA,GCTGGGT,AGTTGTCCTTTAGATTGTAG,CGTAGGTGGTGGGAGCATGTCACAGTTGTCCTTTAGATTGTAGTTTTTTCTTCCTTATCGGCCGGCATGGTCCCAGCCTCCTCGCTGGCGCCGGCTGGGCAACATGCTTCGGCATGGCGAATGGGACCTACAATCTAAAGGACAACTTTAAATCGGTGGCGCATTGCCGCTGGGTTCTACCACTTGTACTTCAGCGAGAC,200
100,ISAam1-TnpB_TTTAA_GACATGACTAACGGTCGCTT,ISAam1-TnpB_TTTAA_,AGAGCCATTTGTCTCGCTGA,ATAGTCG,GACATGACTAACGGTCGCTT,CGTAGGTGGTGGGAGCATGTCACGACATGACTAACGGTCGCTTTTTTTTCTTCCTTATCGGCCGGCATGGTCCCAGCCTCCTCGCTGGCGCCGGCTGGGCAACATGCTTCGGCATGGCGAATGGGACAAGCGACCGTTAGTCATGTCTTAAATCGGTGGCGCATTGCCATAGTCGTCTACCACTTGTACTTCAGCGAGAC,200